code;value
1;Firstname
;Hussein
;Mario
;Douglas
;Julio
;Thiago
;Wallace
;Tiago
;Felipe
;Joaquim
;Luiz
;João
;Lucas
;Chiquinho
;Reinaldo
;Andrei
;Luis
;Luís
;Matheus
;Éverton
;Gilberto
;Igor
;Rafael
;Raphael
;Francisco
;Gabriel
;Glaydson
;Guilherme
;Henrique
;Hugo
;Jonathan
;Leandro
;Pedro
;David
;Fran
;Omar
;Ricky
;Vicente
;Víctor
;Cléber
;Daniel
;Diego
;Fabinho
;Fábio
;Guilhemer
;Junior
;Magno
;Renan
;Ronaldo
;William
;Jair
;Edu
;Thomas
;Thonny
;Fernando
;Léo
;Pablo
;Rodrigo
;Victor
;Filipe
;Marcos
;José
;Miguel
;Marco
;Nenê
;Maikon
;Falu
;Willian
;Jefferson
;Márcio
;Samu
;Vinícius
;Juninho
;Maicon
;Giovanni
;Murilo
;Renato
;Danilo
;Marcio
;Jadelson
;Paulo
;Valdo
;Émerson
;Fabio
;Gil
;Jéferson
;Dija
;Elisson
;Fabrício
;Gilmar
;Kel
;Moisés
;Neto
;Ramon
;Ricardo
;Vinicius
;Danillo
;Kiki
;Javi
;Róbson
;Hélio
;Diogo
;Édson
;Emerson
;Jorge
;Luccas
;Val
;Uilliam
;Fellipe
;Gustavo
;Mateus
;Tomas
;Murillo
;Tony
;Eduardo
;Flávio
;Júnior
;Jonatas
;Marcelo
;Michel
;Jefersom
;Hobbit
;Roger
;Éber
;Deng
;Pep
;Leonardo
;Ítalo
;Paulinho
;Edson
;Jó
;Patrick
;Dionas
;Fabricio
;Wellington
;Vitor
;Ione
;Nathan
;Werick
;Ruan
;Ronaille
;Patric
;Toni
;Maycon
;Nando
;Edilio
;Josias
;Clayton
;Jean
;Jones
;Leo
;Wagner
;Joel
;Juan
;Sílvio
;Dani
;Luciano
;Sito
;Jackson
;Davi
;Everton
;John
;Júlio
;Kayo
;Lauro
;Charles
;Kwon
;Pape
;Chico
;Guo
;Kaio
;Marquinhos
;Jhon
;Célio
;Jajá
;Wágner
;Maurício
;Uillian
;Preto
;Sandro
;Vítor
;Roberto
;Talles
;Lúcio
;Tom
;Giovani
;Jadson
;Marcus
;Gélson
;Wang
;Erick
;Manu
;Pé
;Régis
;James
;Papa
;Papis
;Liu
;Gao
;Iago
;Wesley
;Mamadou
;César
;Khamis
;Célestin
;Kleiton
;Jean-Luc
;Ji
;Marinho
;Alysson
;Jhony
;Robson
;Vladis
;Vágner
;Radamel
;Claudio
;Richard
;Welton
;Mayco
;Kadu
;Mário
;Muller
;Rony
;Gatito
;Iván
;Paco
;Raúl
;Costa
;Éder
;Gui
;Luan
;Moacyr
;Núbio
;Filippe
;Eddy
;Gleisson
;Marlon
;Feliphe
;Gerson
;Rubén
;Cleiton
;Jon
;Lucho
;Migue
;Rafa
;Sergio
;Unai
;Evandro
;Nacho
;Johnathan
;Cristiano
;Jordi
;Juanito
;Sergi
;Christian
;Mikel
;Raul
;Ronaldinho
;Róger
;Nino
;Walter
;Otavio
;Ibon
;Felype
;Hwang
;Isaac
;Ericson
;Fabiano
;Malik
;Shin
;Suk
;Cho
;Mauro
;Geovane
;Koo
;Kim
;Lee
;Wen
;Bai
;Mao
;Geng
;Qian
;Gong
;Matt
;Manuel
;Willames
;Franklin
;Shen
;Park
;Edigar
;Citta
;Dario
;Edmilson
;Afonso
;Aílson
;Erinaldo
;Eroni
;Milton
;Nílson
;Odail
;Reginaldo
;Renê
;Stênio
;Welinton
;Wilson
;Christ
;Jiang
;Sun
;Lin
;Samuel
;Dex
;Thalisson
;Théo
;Scott
;Choi
;Oh
;Talysson
;Romário
;Helton
;Higor
;Juliano
;Li
;Dudu
;Jonatan
;Valdir
;Huang
;Iury
;Manel
;Vini
;Cristian
;Íñigo
;Isma
;Jesús
;Kike
;Maxi
;Nico
;Óscar
;Pau
;Gian
;Cleber
;Rafhael
;Luã
;Hélton
;Wander
;Hélder
;Janílson
;Doka
;Ivan
;Gérson
;Philipe
;Walisson
;Erik
;Cláudio
;Rogério
;Harisson
;Giovane
;Tozé
;Marc
;Pere
;Cléberson
;Dhiego
;Elton
;Frank
;Clinton
;Juanjo
;Ryder
;Luizinho
;Ibson
;Darlan
;Érik
;Pa
;Rodolfo
;Wesllem
;Frederico
;Danny
;Sérgio
;Lucca
;Firmin
;Fonsi
;Otacílio
;Sandes
;Jamerson
;Francis
;Jônatas
;Elias
;Índio
;Mattheus
;Max
;Rennan
;Jaílton
;Marcelinho
;Nilson
;Jardel
;Jeferson
;Raví
;Éwerton
;Kauê
;Serginho
;Cleyton
;Jarro
;Ramón
;Gorka
;Nildo
;Cafú
;Ualisson
;Wellinton
;Lyu
;Cleidson
;Péricles
;Halef
;Lolo
;Derick
;Kiko
;Chen
;Nguyen
;Raí
;Ryan
;Michael
;Mílton
;Jerfferson
;Manolo
;Túlio
;Dionatan
;Gilton
;Junio
;Willyan
;Garry
;Ronan
;Pepe
;Pulpo
;Farley
;Caique
;Josué
;Eli
;Marcel
;Salvi
;Ty
;Elder
;Marcão
;Washington
;Willians
;Jailton
;Ciro
;Rick
;Qin
;Cléo
;Edgar
;Edú
;Hygor
;Israel
;Jeff
;Jhonatan
;Patrik
;Reko
;Renatinho
;Wilian
;Ibou
;Chan
;Chus
;Dyego
;Fillipe
;Filipi
;Gleidson
;Jordan
;Joazimar
;Silvio
;Tchê
;Garcia
;Demba
;Jhonata
;Gallito
;Koke
;Dominic
;Dai
;Pan
;Peng
;Son
;Seo
;Stéfano
;Cong
;Ding
;Rayane
;Abdelilah
;Ismael
;Naim
;Martín
;Max
;Rolando
;Sam
;Juan Manuel
;Carlos
;Diego
;Federico
;Lucas
;Ilja
;Alessandro
;Driss
;Dmitry
;Ezequiel
;Juan
;Dani
;Sunday
;Alfredo
;Gonzalo
;Joël
;Leroy
;Mohamed
;Mikel
;Zakariya
;Alejandro
;Issah
;Ignazio
;Mattia
;Ruslan
;Fernando
;Chafik
;Quante
;Hatem
;Benrandy
;Hakim
;Nicolas
;Yassine
;Yunis
;Himad
;Aymen
;Farid
;Houssen
;Almen
;Yasin
;Yusuf
;Jasmin
;Eloihab
;Nadjim
;Liban
;Islamnur
;Rafidine
;Suleiman
;Saad
;Adam
;Magomed
;Luciano
;Amir
;Nico
;Mehdi
;Matías
;Nacho
;Brais
;Arnold
;José Javier
;Daniel
;Dirk
;Myenty
;Guy
;Loïc
;Laurent
;Roy
;Abdallah
;Mathías
;Axel
;Nicolás
;Charles
;Alessio
;David
;Ramón
;Oliver
;Moses
;Harvey
;Clifford
;Mady
;Stanley
;Ba
;Harouna
;Ayoub
;Vincent
;Elias
;Zakaria
;Jean-Patrick
;Martín
;Tammy
;Tristan
;Luis
;Domagoj
;Florijan
;Ivan
;Camaldine
;Franco
;César
;Gregorio
;Gustavo
;Edgar
;Fábio
;Gonçalo
;Miguel
;Joel
;Asumah
;Lalas
;Giorgi
;Alexis
;Gennaro
;Piersilvio
;Hasan Hüseyin
;Oguzhan
;Tolgahan
;Tunay
;Marco
;Andrea
;Pablo
;Héctor
;Francesco
;Adrián
;Héctor Eduardo
;Hugo
;Jonás
;Juanma
;Nelson
;Walter
;Anass
;Karim
;Nadir
;Achraf
;Ragnar
;Frank
;Geoffrey
;Ramon
;Gabriel
;Alexander
;Hakeem
;Damián
;Jonatan
;Sebastián
;Said
;Merthan
;Jesús
;Dion
;Elton
;Ignacio
;Ain
;Alan
;Alberto Joshimar
;Carlos Gael
;Claudio
;Danny
;Enzo
;Guillermo
;Henry
;Isaac
;Jonathan
;Julián
;Julio
;Kellyn
;Lautaro
;Leonardo
;Mateo
;Maximiliano
;Nahuel
;Néstor
;Noé
;Raúl
;Ricardo
;Rodrigo
;Saúl
;Sergio
;Maxwell
;Alberto
;Robert
;Afriyie
;Jonas
;Braian
;Francisco Javier
;Javier
;Kevin
;Marcos
;Oscar
;Gastón
;Donald
;Vladislav
;Pitbull
;Charlie
;Tugay
;Robin
;Emanuele
;Marius
;Arsen
;Beslan
;Denis
;Charlee
;Che
;Derwin
;Dwayne
;Ebou
;Kasim
;Nicky
;Tyler
;Sargis
;Antonio
;Tekin
;Tosin
;Bright
;Corey
;Stefano
;Simone
;Elijah
;Emmanuel
;Victor
;Bobby
;Seyi
;Hakeeb
;Dele
;Ryan
;Arijan
;Orhan
;Alper
;Stephen
;Dennis
;Jordan
;Santos
;Tobi
;Shawn
;Tom
;Trae
;Fanendo
;Cemil
;Raphaël
;Ogumka
;Hasan Ali
;Moïse
;Bahia
;Goiano
;Übeyd
;Claud
;Guram
;Amine
;Yacine
;Albert
;Francis
;Krisztián
;Davide
;Lorenzo
;Leygley
;Adrián
;Adriano
;Melvin
;Freddy
;Oswald
;Aritz
;Luka
;Toni
;Michel
;Marcel
;Sean
;Pavel
;Ibrahim
;Francois
;Facundo
;Harrison
;Akram
;Benik
;Julius
;Anton
;Vadim
;Francisco
;Guilherme
;João
;Kévin
;Berkan
;Melih
;Kamil
;Adnan
;Kieran
;Viktor
;Michael
;Gor
;Lumor
;Yorgan
;Uche
;Sedat
;Dean
;Tony
;Jon
;Cristian
;Umberto
;Giuseppe
;Christian
;Brandon
;Nélson
;Salvador
;Nikolas
;Álvaro
;Martim
;Heriberto
;Jhonatan
;Iván
;Yannick
;Emiliano
;José
;Imanol
;Pedro
;Felipe
;Isaác
;Milton
;Paul
;Ruben
;Wilfredo
;Emanuel
;Augusto
;Eduardo
;Erick
;Gaddi
;Leandro
;Marcelo
;Mauro
;Santiago
;Unai
;Paco
;Thomas
;Ernest
;Ali
;Imbad
;Soufyan
;Safouane
;Maximilian
;Odil
;Samuel
;Jean-Eudes
;Lukas
;Luis Eduardo
;Renzo
;Joseph
;Stefan
;Florian
;Juan Marcelo
;Will
;Ola
;Callum
;Alex
;Lionel
;Niccolò
;Fraser
;Ismail
;Siegfried
;Youssef
;Mustapha
;Jack
;Bilel
;Aitor
;Korede
;Isma
;Borja
;Abdul
;Marvin
;Semi
;Artrit
;Bashkim
;Hrvoje
;Akwafei
;Kristoffer
;Adonis
;Albian
;Mohammed
;Ludovic
;Serge
;Mukwelle
;Mahmut
;Manuel
;Muhammed
;Çaglar
;Emre
;Eser
;Mustafa
;Roman
;Onur
;Halil
;Murat
;Artun
;Mücahit
;Erol
;Erdal
;Ugur
;Nathan
;Yanis
;Fatih
;Ager
;Varol
;Aykut
;Cengizhan
;Apti
;Ilzat
;Edmond
;Reso
;John
;Tesho
;Igor
;Adebayo
;Ayo
;Simeon
;Tunji
;Bolu
;Gökhan
;Atakan
;Timur
;Steven
;Chadrac
;Jean-Daniel
;Jean-Louis
;Hope
;Murat Cem
;Kel
;Chuba
;Jacob
;Nassim
;Romuald
;Mahsun
;Sefa
;Cafercan
;Fahd
;Aksel
;Kubilay
;Musa
;Özgür
;Can
;Gustave
;Enes
;Ömer
;Hayrullah
;Kerem Can
;Mehmet
;Abdelhafid
;Hamadi
;Abdulgabbar
;James
;Fabio
;Sofiane
;Javi
;Alan
;Oswaldo
;Aníbal
;Ariel
;Roberto
;Williams
;Fatai
;Fabrizio
;Muhamed
;Jordi
;Nazmi
;Tobías
;Wilson
;Eren
;Mikail
;Mucahit
;Roland
;Agustín
;Andreas
;Josué
;Sebastian
;Michelangelo
;Mirko
;Alberto
;Suently
;Álex
;José María
;Haritz
;Norbert
;Edgardo
;Miiko
;Jan
;Pascal
;Marc
;Tim
;José Luis
;Gil
;Jacobo
;Éric
;Rubén
;Víctor
;Bryan
;Raffaele
;Gerardo
;Craig
;Ton
;Aitor
;Ander
;Alpay
;Elías
;Reinaldo
;Toby
;Omari
;Ale
;Hernán
;Haitam
;Iker
;Thaiel
;Gorka
;Oleg
;Vasily
;Danijel
;Marko
;Aldo
;Brahian
;Darío
;Manu
;Alemão
;Carles
;Fabien
;Juan Ignacio
;Lewis
;Lucien
;Elia
;Romain
;Alessandro
;Danilo
;Genaro
;Alex
;Álex
;Eric
;Trent
;Alexandre
;Renato
;Ody
;Alexandre
;Migouel
;Gianluca
;Enrico
;Jair
;Chaker
;Ilias
;Göksu
;Jeron
;Jihad
;Ali
;Jayden
;Yousof
;José Carlos
;Selçuk
;Mutalip
;Baris
;Kerim
;Azer
;Emir
;Ifraim
;Isnik
;Iskender
;Ezgjan
;Nabil
;Rachid
;Alison
;Alisson
;Xeber
;Akin
;Okan
;Yakup
;Adem
;Alexandr
;Cenk Ahmet
;Ziya
;Saturnin
;Sami
;Gabay
;Gian Franco
;Allan
;Scott
;Reise
;Boigny
;Ahmad
;Zana
;Allef
;Jamie
;Joe
;Leaford
;R. J.
;Nicholas
;Jaime
;Jorge Luis
;Mariano
;André
;Brian
;Cláudio
;Dinis
;Diogo
;Filipe
;Hélder
;Mickaël
;Raphael
;Simón
;Cristián
;Hamad
;Ben
;Jak
;Baptiste
;Salvatore
;Aloísio
;Bernat
;Agus
;José Manuel
;Junior
;Mauricio
;Osvaldo
;Mourad
;Samy
;Harun
;Benjamin
;Ilnur
;Omar
;Blair
;Imran
;Sanaa
;Ayberk
;Giorgio
;Jozy
;Ahmet
;Koray
;Tevfik
;Volkan
;Batuhan
;Emircan
;Hüseyin
;Burak
;Daniele
;Leonel
;Errico
;Enez
;Artur
;Sone
;Luis Arturo
;Arturo
;Ventura
;Fabricio
;Éder
;Adrian
;Edson
;Favio
;Kristian
;Lucero
;Mario
;Yamir
;Álvaro
;Alves
;Bruno
;Herson
;Júlio
;Paulo
;Rafael
;Rúben
;Tiago
;Vitor
;Lisandro
;Abdenour
;Alfons
;Eloi
;Selim
;Nathaniel
;Amass
;Juan Pablo
;Quincy
;Juan Ángel
;Chovanie
;Armen
;Georges
;Steve
;Efe
;Jean
;Thierry
;Jonan
;Maxime
;Etienne
;Sammy
;Tomi
;Mawouna
;Kelvin
;Nicolò
;Dante
;Arlind
;Rémy
;Juan Martín
;Thomás
;Hassan
;Rewan
;Jerónimo
;Grégoire
;Nadiem
;Riccardo
;Mahmoud
;Jamal
;Pádraig
;Sébastien
;Giovanni
;Luke
;Nana
;Nordin
;Sofyan
;Chadli
;Turgay
;Joyce
;Achille
;Matteo
;Fredéric
;Valerio
;Armando
;Vinko
;Joachim
;Mads
;Anderson
;Bruce
;Chris
;Djavan
;Harry
;Jermaine
;Kenny
;Keshi
;Terrique
;Mattias
;Nick
;Mislav
;Sinisa
;Florin
;Andoni
;Gaël
;Esteban
;Diego Alonso
;Tomás
;André
;Julien
;Nuno
;Mike
;Evgeny
;Maxim
;Nikita
;Nicola
;Andrés
;Guille
;Calvin
;Jake
;Komnen
;Olexandr
;Franko
;Vlado
;Stephan
;Yhoan
;Chuks
;Chuma
;Clément
;Yves
;Victorien
;Ángel
;Wilker
;Gabriele
;Martin
;Lee
;Brayan
;Jesús Ricardo
;Vinicio
;Jalil
;Josip
;Lovro
;Henri
;Anatoly
;Vurnon
;Peter
;Xavi
;Silvio
;Anselmo
;Taylan
;Dragan
;Luca
;Mirco
;Jaidon
;Boban
;Goran
;Sebastijan
;Teddy
;Marijan
;Christoph
;Waldemar
;Jarchinio
;Gianni
;Dominic
;Fermín
;Vittorio
;Antônio
;Antonio
;Duarte
;Michail
;Nemanja
;Uriel
;Pjero
;Rodney
;Ikechi
;Horacio
;Aias
;Houssem
;Youness
;Manny
;Mitch
;Fausto
;Kieren
;Khyzyr
;Louis
;Kwesi
;Aaron
;Erwan
;Ante
;Devonte
;Angelo
;Andreu
;Félix
;Jairo
;Patricio
;Quim
;Ronald
;Alexey
;Anaitz
;Jorge
;Theo
;Pietro
;Sandi
;Joaquín
;Ibai
;Juan Cruz
;Rui
;Markel
;Julen
;Richard
;Alphonse
;Abel
;Fabián
;Matty
;Paolo
;Rony
;Jafar
;Ramiro
;Rodolfo
;Ulises
;Gaëtan
;Yener
;Caner
;Allan
;Firat
;Hakan
;Sergi
;Guillaume
;Yair
;Gboly
;Adrià
;Fynn
;Artem
;Burhan
;Yoël
;Cameron
;Davy
;Liam
;Stuart
;Kári
;Arnaud
;Loris
;Remo
;Matthew
;Uday
;Fiete
;Asier
;Juan José
;Yarne
;Ceferino
;Álejandro
;Óscar
;Bautista
;Gaston
;Odei
;Tommaso
;Kepa
;Alvin
;Anderson
;Urko
;Zoran
;Görkem
;Tolgay
;Dino
;Alfonso
;Joan
;Arthur
;Koby
;Filippo
;Zurab
;Iñigo
;Yamil
;Kwadwo
;Edmir
;Solomon
;Samet
;Timuçin
;Taye
;Benny
;Josh
;Norair
;Ersel
;Mersim
;Patrick
;Hennos
;Iago
;Dairon
;Léider
;Assad
;Oussama
;Roger
;Aadil
;Ebenezer
;Britt
;Jeffrey
;Vitaly
;Inaki
;Lefteris
;Anil
;Zhivko
;Nigel
;Eray
;Dogan
;Kemal
;Iyayi
;Pichu
;Jeff
;Eduard
;Adil
;Pierre-Emerick
;Emil
;Laurel
;Yannis
;Jean-Kévin
;Ludwig
;Augusto
;Márcio
;Rafal
;Oinatz
;Luís
;Rodolph
;Christophe
;Mathias
;Irving
;Bahri
;Donis
;Michele
;Christopher
;Cédric
;Durel
;Adrien
;Noah
;Chidozie
;Taiwo
;Theophilus
;Kwame
;Ramzi
;Leo
;Taha
;Hasan
;Salih
;Deniz
;Levent
;Feyyaz
;Ali Mert
;Canberk
;Ergun
;Ersin
;Giray
;Ibrahim Serdar
;Mirkan
;Oktay
;Recep
;Emirhan
;Müslüm
;Soner
;Yavuz
;Kaan
;Yalçin
;Sitou
;Floyd
;Jérémy
;Oguz Han
;Ayrton
;Sakib
;Jonah
;Zeki
;Ilter
;Vladimir
;Ade
;Ilir
;Simão
;Micheal
;Serdar
;Sardar
;Conrad
;Larry
;Okechukwu
;Rida
;Abdoul
;Abdoulaye
;Alioune
;Amadou
;Demba
;El Hadji
;Hamidou
;Ibrahima
;Idrissa
;Mamadou
;Millen
;Iddrisu
;Alperen
;Khouma
;Vladlen
;Mustafa Tahir
;Boris
;Matko
;Stjepan
;Jean-Sylvain
;Micael
;Davut
;Yegor
;Amara
;Olexiy
;Aarón
;Stipe
;Sven
;Janik
;Philipp
;Syamsul
;Felix
;Santos
;Juninho
;Milan
;Matthias
;Gerard
;Lhadji
;Béni
;Ziguy
;Aurélien
;Clement
;Dominique
;Modou
;Badou
;Iskander
;Nikola
;Holger
;Malcolm
;Ivano
;William
;Xavier
;Mikhail
;Lucio
;Drazen
;Matej
;Nikki
;Kagan
;Sosthène
;Jean-Christophe
;Pierre-Baptiste
;Alix
;Farès
;Bentley Baxter
;Matt
;Stéphane
;Mike-Steven
;Nathanael
;Yohan
;Kainoa
;Leon
;Odin
;Owen
;Logan
;Andrés
;Dénys
;Leighton
;Yalany
;Samir
;Khoren
;Levon
;Azat
;Jurica
;Mate
;Rijad
;Bálint
;Behar
;Geraldo
;Halit
;Nedim
;Hermann
;Soltmurad
;Zelimkhan
;Djamel
;Tasos
;Zoumana
;Tiémoué
;Navajo
;Ash
;Carl
;Tyreeq
;Göktug
;Erdi
;Sinan
;Erik
;Justin
;Mitchel
;Younes
;Ridle
;Zvonko
;Istvan
;Aliko
;Juan Carlos
;Ángelo
;Rich
;Ellery
;Pierluigi
;Algassimou
;Assane
;Elves
;Ibourahima
;Keita
;Mama
;Ousmane
;Romário
;Umaro
;Yasser
;Román
;George
;José Ángel
;Bayram
;Aden
;Kane
;Gareth
;Pierre-François
;Andrija
;Dominik
;Karlo
;Arnaud
;Abdullah
;Hikmet
;Radinio
;Pim
;Jure
;Pol
;Ximo
;Brady
;Markus
;Oumar
;Fodé
;Florent
;Joakim
;Femi
;Thibault
;Tomislav
;Tudor
;Daryl
;Issiaka
;Siaka
;Sol
;Yaya
;Franck
;Gautier
;Eusébio
;Moussa
;Neri
;Jannik
;Éver
;Ernesto
;Fernan
;Augustin
;Gérard
;Ismaël
;Lass
;Momar
;Yady
;Luzayadio
;Máximo
;Umaru
;Beni
;Rayyan
;Zidane
;Olakunle
;J.C.
;Ollie
;Barry
;Djibi
;Ivica
;Petar
;Damon
;Amrit
;Simon
;Nadjib
;Ulrich
;Shandon
;Frane
;Issa
;Sekou
;Antonin
;Ibon
;Botond
;Kosta
;Théo
;Yoann
;Anthony
;Yoel
;Andy
;Txomin
;Abdülkerim
;Enis
;Bljedi
;Giuliano
;Phil
;Pierre
;Keidi
;Massimiliano
;Madiu
;Gordan
;Antonino
;Borna
;Maks
;Mato
;Slaven
;Kike
;Ross
;Tomo
;Aidan
;Cyril
;Dakota
;Ashley
;Dillon
;Marcus
;Tyrone
;Antoine
;Orr
;Abdelaziz
;Jahir
;Dein
;Jaine
;Édgar
;Michaël
;Akeil
;Graham
;Jacomeno
;Mason
;Paddy
;Guido
;Ever
;Pier
;Wílmar
;Alain
;Benoît
;Willy
;Abdourahmane
;Boubacar
;Bradley
;Hadji
;Fin
;Jan-Christoph
;Thibaut
;Kyle
;Edoardo
;Mladen
;Sadik
;Edi
;Bilal
;Irfan
;Moreno
;Edon
;Toma
;Djessy
;Hüsnü
;Emrah
;Daouda
;Dalphin
;Mons
;Sacha
;Ángel
;Germán
;Arun
;Juan Miguel
;Bastien
;Jelle
;Sheldon
;Kristijan
;Renei
;Malik
;Lionnel
;Michy
;Ayub
;Andriy
;Fernando Biagio
;Eddie
;Dylan
;Andrey
;Bozidar
;Mathieu
;Moritz
;Dejan
;Noam
;Novem
;Valentin
;Fabian
;Maik
;Timo
;Julian
;Ángel Román
;Yury
;Nikos
;Jano
;Jose
;Terence
;Moustapha
;Bertug
;Tunde
;Özcan
;Sabutay
;Nazareno
;Vice
;Isaiah
;Konstantin
;Hervé
;Riechedly
;Mohammad
;Keimo
;Jean-David
;Charly
;Vedran
;Ihlas
;Juanmi
;Albano
;Fatos
;Sheraldo
;Tobias
;Edu
;Marc-Gauthier
;Jakub
;Filip
;Mitchell
;Alfie
;Mark
;Fabrice
;Silvije
;Asmir
;Mehmed
;Aziz
;Jean-Charles
;Valon
;Hanno
;Morten
;Sören
;Joseba
;Zvonimir
;Engin
;Jeremy
;Kadir
;Godfred
;Tommy
;Shqipon
;Deni
;Damir
;Iliass
;Jérémie
;Abdelhak
;Sofian
;Vid
;Florijon
;Ishak
;Nazim
;Othmane
;Ahmed
;Jordy
;Warren
;Haris
;Mouhamed
;Amari'i
;Cammy
;Tahj
;Habib
;Loody
;Raoul
;Jean-Ricner
;Gabino
;Maxence
;Johan
;François
;Kharlton
;Willbert
;Sergey
;Fran
;Salim
;Soulimène
;Moez
;Shay
;Chehyn
;Issam
;Hilal
;Chaouki
;Wissam
;Syam
;Quentin
;Marwen
;Benaissa
;Marwane
;Nordine
;Rico
;Medhi
;Exequiel
;Sander
;Lars
;Nicklas
;Amedeo
;Yann
;Giacomo
;Lászlo
;Jessy
;Rafa
;Tarik
;Tal
;Redouan
;Omri
;Änis
;Michelle
;Airam
;Hicham
;Elliott
;Rhys
;Scot
;Keanan
;Mal
;Saïd
;Charlison
;Ramy
;Robbie
;Accursio
;Douglas
;Sava
;Yoan
;Soufian
;Kundai
;Romario
;Jagoba
;Saido
;Domenico
;Gaetano
;Koldo
;Geert
;Martijn
;Vyacheslav
;Bartosz
;Mykhaylo
;Dario
;Zakarya
;Johann
;Theodor
;Léon
;Bernard
;Etrit
;Fidan
;Mërgim
;Franjo
;Kantemir
;Erich
;Carlo
;Ian
;Emilio
;Osah
;Rhett
;Matus
;Orlando
;Benjamín
;Adriano
;Paolino
;Massimo
;Dimitry
;Grégory
;Jason
;Jesse
;Dorian
;Barnabás
;Mo
;Suan
;Muhammet
;Andrej
;Loic
;Fede
;Niklas
;Jefté
;Faysal
;Adel
;Marcello
;Wouter
;Steeve
;Mingiyan
;Semih
;Abdulkadir
;Erdem
;Mihael
;Vincenzo
;Bi
;Denson
;Mimito
;Flavio Junior
;Giancarlo
;Merveille
;Messie
;Ameth
;Shota
;Krum
;Ermin
;Cengiz
;Soufiane
;Bobbie
;Krystian
;Bart
;Thievy
;Marino
;Sascha
;Cristiano
;Peet
;Villyan
;Clarence
;Glenn
;Teun
;Janio
;Octavio
;Laurence
;Üstün
;Manolo
;Jakov
;Philip
;Jean Claude
;Billy
;Marlon Lukinga
;Billy
;Rakish
;Tayfur
;Jerome
;Jared
;Samuele
;Biro
;Valter
;Amaury
;Neal
;Cumali
;Dimitri
;Stéphane Yves
;Joshua
;Nir
;Berke
;Alister
;Andri Rúnar
;Birkir
;Elmar
;Aleksandar
;Henrik
;Mats
;Andre
;Cünayt
;Delvechio
;Jovan
;Slavko
;Marley
;Léo
;Alejo
;Domingo
;Enrique
;Janis
;Vlatko
;Latif
;Daan
;Daley
;Brice
;Siebe
;Arya
;Aryan
;Nils
;Younés
;Aylton
;Denzeil
;Hanson
;Quinzairo
;Hiram
;Jérôme
;Kevin-Prince
;Kingsley
;Gabrijel
;Ivo
;Yusupha
;Matija
;Pierpaolo
;Lilian
;Nikolay
;Milos
;Herbert
;Maarten
;Blake
;Darko
;Jón Daði
;Jean-Paul
;Ruud
;Jeremie
;Ádám
;Miroslav
;Steffen
;Viorel
;Valérian
;Flo
;Delan
;Tolaji
;Edward
;Miller
;Yvan
;Sergiy
;Enzio
;Deian
;Cian
;Greg
;Boli
;Faiq
;Daniil
;Dustin
;Chad
;Valeriy
;Kiko
;Corben
;Rémi
;Myles
;Frédéric
;Rodrigue
;Bodo
;Prince
;Hendrik
;Macauley
;Landry
;Ugo
;Wilfried
;Indy
;Regan
;Vedat
;Celso
;Mica
;Martino
;Boris
;Borja
;Sébastiaan
;Branimir
;Rafael Santos
;Kjetil
;Preslav
;Torgeir
;Henk
;Pieter
;Olivier
;Pau
;Alexy
;Gaétan
;Kai-David
;Chima
;Gino
;Kenji-Van
;Zouhair
;Abdelamajied
;Myke
;Messaoud
;Foudil
;Zacharie
;Ryad
;Rafik
;Damien
;Sabir
;Jean-Bryan
;Razak
;Chahreddine
;Reda
;Petrus
;Sabri
;Lakdar
;Othman
;Mbark
;Idir
;Ouasim
;Mounir
;Eneko
;Jarrod
;Travis
;Dan
;Dedryck
;Andrew
;Terrence
;Caolan
;Denys
;Ethan
;Jamaul
;Valeri
;Marin
;Osman
;Umut
;Sonny
;Vasco
;Lyazid
;Mergim
;Riad
;Farez
;Wout
;Cohen
;Edy
;Waldo
;Mattijs
;Gustav
;Laurentiu
;Derrick
;Lamont
;Elvis
;Davor
;Zachary
;Sandrino
;Sebastiaan
;Yanick
;Roko
;Tomas
;Daniël
;Nicandro
;Gregor
;Jayson
;Magnus
;Torge
;Ciaran
;Breno
;Neco
;Jari
;Otis
;Miles
;Rhian
;Jimmy
;Norberto
;Ulices
;Jordie
;Johannes
;Shaun
;Elso
;Henrique
;Cristhian
;Randy
;Kirk
;Svend
;Jorn
;Brandt
;Keasel
;Eamonn
;Luuk
;Calle
;Connor
;Cory
;Izzy
;Jaden
;Reece
;Troy
;Wayne
;Tyias
;Darren
;Anisse
;Ferrán
;Luigi
;Seppe
;Stef
;Björn
;Maurice
;Bruno
;Vítor
;Bodi
;Jaimy
;Kean
;Marcin
;Gordon
;Stanislav
;Lauro
;Koen
;Garry
;Keith
;Rosario
;Ufuk
;Emi
;Pedro Henrique
;Gianluigi
;DJ
;Blaz
;Xander
;Temuri
;Adriel
;Çagri
;Dannie
;Kai
;Dave
;Erman
;Omer
;Kerem
;Sergen
;Teal
;Fabijan
;Eris
;Danila
;Lawrence
;Mykyta
;Korbinian
;Delano
;Nishan
;Antonee
;Taras
;Bowedee
;Georgy
;Dzenis
;Billy Joe
;Wes
;Gil Giovanni
;Marnon
;Evan
;Rocky
;Gianmarco
;Jakob
;Oriol
;Aurélio
;Calum
;Valeriano
;Edouard
;Bogdan
;Leao
;Giniko
;Jishua
;Valentín
;Oskar
;Bédi
;Vitaliy
;Yoni
;Jarric
;Seref Can
;Neill
;Meriton
;Agostinho
;Bocundji
;Pep
;Juan David
;Aubry
;Jerson
;Jovane
;Raly
;Yonathan
;Guilllermo
;Juan Antonio
;Julio César
;Paul-Alexandre
;Benoit
;Jhonder
;Jinty
;Caetano
;Afonso
;Jeremías
;Bugra
;Nurettin
;Ogulcan
;Gary
;Nebil
;Marc-Aurèle
;Caio
;Caíque
;Jerreau Farel
;Aldin
;Mert
;Hendricks
;Savas
;Ugurcan
;Ilyas
;Tahsin
;Mijo
;Mansur
;Elio
;Élton
;Duje
;Aimone
;Taskin
;Nizamettin
;Oguz
;Talha
;Joey
;Tomasch
;Caleb
;Oier
;Carlos Andrés
;Mertcan
;Sertaç
;Carlos Eduardo
;Pito
;Rudy
;Washington
;Adama
;Alsény
;Mahdi
;Mohamed Lamine
;Ousoumane
;Samba
;Siriki
;Souleymane
;Geoff
;Agostino
;Camilo
;Andrae
;Fraizer
;Kamol
;Shane
;Tahvon
;Terran
;Tyrese
;Francesc
;Yosu
;Gaspar
;Xisco
;Jorman
;Cihan
;Senol
;José Francisco
;Niall
;Berkant
;Miguel Ángel
;Fali
;Mamadu
;Alican
;Santi
;Amânsio
;Arxhend
;Abdurrahman
;Ferhat
;Reggie
;Adán
;Russell
;Gençer
;Todd
;Cao
;Ercan
;Pierrick
;Pepe
;Brecht
;Àlex
;Luis Alberto
;Mario Alberto
;Xabier
;Edwin
;Irvin
;Cassio
;Quinten
;Baily
;Carlens
;Carles
;Carlinhos
;Carlos
;José Antonio
;Giulio
;Catalin
;Servando
;Abraham
;Jose Ángel
;Matias
;Canice
;Zach
;Trevor
;Wilder
;Hayden
;Denilson
;Matis
;Iñaki
;Samu
;Adair
;Seth
;T.J.
;Moreto
;Flavio
;Cássio
;Pietro Luigi
;Timothy
;Luc
;Josemi
;Telmo
;Adri
;José Alberto
;Luis Genaro
;Segundo
;Pactriac
;Manuele
;Alexis Nicolás
;Bram
;Yago
;Louie
;Amar
;Cordell
;Caue
;Elvedin
;Luis Pedro
;Edinson
;Tolga
;Berto
;Mesut
;Quique
;Vivien
;Assan
;Juan Jorge
;Zan
;Thabo
;Arif
;Erhan
;Cihat
;Mete
;Mugdat
;Korcan
;Süleyman
;Bersant
;Ondrej
;Muharrem Ozan
;Halil Ibrahim
;Ugurtan
;Erdinç
;Darwin
;Valentino
;Iacopo
;Václav
;Fedor
;Galder
;Bostjan
;Süheyl
;Veli
;Yasar
;Berat
;Steward
;Bülent
;Ramazan
;Seifedin
;José Alejandro
;Yassin
;Nacer
;Fouad
;Mychell
;Aatif
;Tarek
;Ilyes
;Moutir
;Tinashe
;Trevoh
;Salva
;Nereo
;Moody
;Gion
;Maikel
;Kevin Dean
;José Irán
;Conor
;Jay
;Yimmi
;Brendan
;Darius
;Reice
;Wesley
;Cantyn
;Charles-Henri
;Dimitris
;Cristopher
;Jesús Roberto
;Arthur
;Jean-Simon
;Rapheal
;Matthieu
;Tomer
;Kamel
;Malek
;Kirill
;Tjaronn
;Jordane
;Sunil
;Jehú
;Raman
;Haykeul
;Olog
;Andrei
;Vlad
;Cosimo
;Grigory
;Nika
;Ivaylo
;Tahith
;Hamza
;Joris
;Sandro
;Fitzroy
;Jo
;Cyrus
;Kadin
;Joerie
;Karolis
;Camillo
;Atabey
;Cansin
;Fethi
;Tunahan
;Emmanuele
;Metincan
;Baldo
;Rigino
;Amato
;Juanjo
;Tolcay
;Sokol
;Furkan
;Jasper
;Bahadir
;Gojko
;Orkan
;Sevki
;Samil
;Gilles
;Lovre
;Carlos Ernesto
;Juan Luis
;Leopoldo
;Ronaldo
;Juri
;Elhadji
;Saliou
;Yarouba
;Ibou
;Karamoko
;Ousseynou
;Papiss
;Salif
;Aly
;Till
;Blas
;Valeriu
;Zander
;Rennico
;Jonson
;Cody
;Pelle
;Ciro
;Colin
;Gerson
;Edin
;Aleix
;A.J.
;C.J.
;Jahny
;Ciprian
;Nuno André
;Jacques
;Timothé
;Renaud
;Giles
;Gianfranco
;Devante
;Larnell
;Shannon
;Seamus
;Jacopo
;Edis
;Mirza
;Israel
;Archie
;Brad
;Jamilu
;Reuben
;Archimed
;Eloy
;Keba
;Racine
;Gianmario
;Biel
;Vicent
;Sylvano
;Abou
;Conrado
;August
;Aloïs
;Seku
;Drew
;Abdu
;Hector
;José Eleazar
;Jens
;Kobe
;Odisnel
;Nando
;Mael
;Dinny
;Jhon
;Kamil Ahmet
;Deri
;Drago
;Sebas
;Hans
;Maxwel
;José de Jesús
;Rober
;Jorge Luís
;Generoso
;Cabir
;Emre Can
;Ferdi
;Sezgin
;Iban
;Gilson
;Jaume
;Mário
;Tino
;Rocco
;Gaetan
;Ronan
;Adamo
;Badji
;Bangaly
;Bourama
;Hamet
;Ibréhima
;Kalifa
;Lassana
;Séga
;Senou
;Shaquile
;Niels
;Maël
;Philippe
;Téo
;Mehmedalija
;Paris
;Don
;Lewie
;Coy
;Dieter
;Ljuban
;Marti
;Guillem
;Judicaël
;Diamante
;Domen
;Dequan
;Mikkail
;Glen
;Bernardo
;Eder
;Hélio
;Marcos Jesiel
;Péter
;Dániel
;Branko
;Janic
;Sorin
;Jefferson
;Amiel
;Joffrey
;Gabriël
;Andjelo
;Antonini
;Dany
;Davis
;Taylor
;Numan
;Mevludin
;Sem
;Denzel
;Aniello
;Neven
;Bartul
;Ricco
;Wylan
;Youn
;Lennart
;Ângelo
;Danilson
;Adler
;Jhony
;Mathews
;Neydson
;Berkay
;Munas
;Bagaliy
;Diaguely
;Elhadj
;Fankaty
;Goroko
;Mouhamadou
;Eros
;Kadeem
;Ataberk
;Renat
;Rüfät
;Jules
;Bill
;Armel
;Pontus
;Hamdi
;Finn
;Patson
;Djene
;Deshane
;Sessi
;Mickey
;Grad
;Kalen
;Felice
;Abdulsamed
;Jürgen
;Wessel
;Paulin
;Mikkel
;Lennerd
;Ludovico
;Santo
;La'el
;Donervon
;Arnaut
;Damil
;Abu
;Neil
;Fodiba
;Bafodé
;Nícolas
;Abdoul Karim
;Palko
;Tendayi
;Dereck
;Karl
;Brahim
;Eli
;Aslan
;Cole
;Lawson
;Niko
;Fatau
;Rabbi
;Mus
;Jean-Francis
;Dogan Can
;Tijn
;Iduitua
;Murray
;Aron
;Curtis
;Mikey
;Cymande
;Keinan
;Leif
;Sele
;Pawel
;Mayron
;Giorgian
;Laurens
;Kees
;Rody
;Caio
;Tjendo
;Noël
;Boy
;Frenkie
;Siem
;Kashiff
;Joeri
;Rik
;Osciel
;Zeus
;César Francisco
;Ritchie
;Matthijs
;Michiel
;Sèbastien
;Vernon
;Agustin
;Arnoud
;Casper
;Nill
;Ferry
;Luis Julio
;Marten
;Lesly
;Carmine
;Jarno
;Stijn
;Lennert
;Antón
;Robbert
;Dorus
;Griffin
;Rashaen
;Mees
;Roarie
;Harlee
;Zak
;Roméo
;Saulo
;Jamiro
;Frederik
;Donovan
;Ainsley
;Giel
;Jermain
;Pierre-Ange
;Jean-Baptiste
;Médéric
;Vladan
;Rick
;Ferdinando
;Dzon
;Hannes
;Juan Felipe
;Marky
;Moisés
;Silviano
;Pinto
;Mateas
;Michell
;Paolo Hernán
;Saverio
;Kino
;Shaquil
;Jamil
;Alliou
;Bira
;Diakaria
;Garra
;Mahamadou
;Modibo
;Mousa
;Fred
;Stelios
;Shkelqim
;Erdin
;Mete Kaan
;Raif
;Merih
;Abdülaziz
;Bekir
;Elian
;Ermedin
;Kahraman
;Taha Cengiz
;Gentian
;Leander
;Yvann
;Memphis
;Ilhan
;Melik
;Kastriot
;Sebastien
;Andres
;Fries
;Sylvain
;Kiril
;Djordje
;Didier
;Cyriel
;Thorben
;Dalmiro
;Sime
;Kris
;Sieben
;Ortwin
;Kiernan
;Kristof
;Yan
;Ciryack
;Nunzio
;Pasquale
;Ahmadou
;Baïdy
;Issiar
;Fousséni
;Zié
;Bakary
;Malamina
;Abdoulay
;Alassane
;Bambo
;Phousseyne
;Titi
;Lorhim
;Fallou
;Mbaye
;Toumani
;Balla
;Mouctar
;Abdou
;Abdelaye
;Banfa
;Babacar
;Layousse
;Maoudo
;Namakoro
;Sadio
;Sadou
;Zacharia
;Pape
;Djibril
;Grady
;Alou
;Bilaly
;Boubakary
;Diawoye
;Djigui
;Fantamady
;Lamine
;Maténé
;Bamba
;Inza
;Damani
;Marcio
;Rafaël
;Renan
;Mory
;Pape Djibril
;Banou
;Agyemang
;Antonio Jesús
;Cristo
;Norman
;Yilton
;Bakaye
;Pa
;Dénes
;Brennan
;Rob
;Nouha
;Amer
;Serey
;Amath
;Famara
;Claude
;Kader
;Jman
;Nathanaël
;Seny
;Timothée
;Tuur
;Terrance
;Ange
;Anfernee
;Mart
;Clévid
;Javairo
;Nany
;Stole
;Kostas
;Patrice
;Gent
;Cerem
;Jordão
;Badara
;Maguette
;Loïs
;Dame
;Khassimirou
;Younousse
;Gabin
;Aya
;Mame
;Papa
;Yehvann
;Donato
;Mix
;Jamar
;Souleiman
;Akim
;Aladin
;Constant
;Bubacar
;Soslan
;Emin
;Otman
;Armin
;Koffi
;Papy
;Kapitbafan
;Damjan
;Régis
;Milutin
;Oan
;Näis
;Miloud
;Mésaque
;Bocar
;Uros
;Azzedine
;Gaber
;Vilson
;Danilho
;Huseyin
;Muhammed Ali
;Muharrem
;Kasper
;Frano
;Keagan
;Joren
;Adolfo
;Cecilio
;Cuauhtémoc
;Misael
;Nery
;Ande
;Janoi
;Clayton
;Coll
;Jacky
;Rory
;Godsway
;Bosko
;Chechu
;Melvyn
;Pius
;Jan-Lucas
;Helton
;Dabney
;Benedict
;Giovani
;Steevan
;Bas
;Charles-André
;Peabo
;Cheick
;Kassim
;Nianankoro
;Sékou
;Seydou
;Souleyman
;Sory
;Flynn
;Stewart
;Charley
;Eoin
;Patryk
;Bartlomiej
;Boukary
;Mawerick
;Dominick
;Jaroslav
;Jean Armel
;Henrico
;Jesper
;Ferdy
;Ned
;Deroy
;Domingos
;Laros
;Lerin
;Sérgio
;Edgaras
;Krunoslav
;Marijo
;Teo
;Emeric
;Courtney
;Wallace
;Demeaco
;Lance
;Dilly
;Belony
;Martinho
;Nicolao
;Alfred
;Simon Marc
;Chey
;Antun
;Johnny
;Alban
;Geordan
;Jorge Joaquín
;Kilian
;Marlon
;Riza
;Ilkay
;Eugenio
;Noë
;Shaquille
;Jean-Kevin
;Dom
;Rod
;Lloyd
;Lyndon
;Olly
;Patrik
;Blerim
;Alisher
;Semir
;Jasko
;Osarimen
;Kouassi
;Omid
;Tyronne
;Ion
;Idriss
;Lizandro
;René
;Chinedu
;Jan-Ove
;Rarmani
;Jóan Símun
;Jarvis
;Jospin
;Odsonne
;Tayo
;Emem
;Earl
;Gwion
;Opi
;Raheem
;Vedad
;Jean-Emmanuel
;Mandela
;Silvan
;Íñigo
;Elie
;Vitus
;Carel
;Beñat
;Ovie
;Muzafer
;Charni
;Albin
;Erbay
;Cem
;Jurgen
;Shaka Mawuli
;Manfred
;Karam
;Rayan
;Abdelghani
;Abdel
;Moaad
;Anwar
;Essam
;Oualid
;Abdel Malek
;Aniss
;Adham
;Alharbi
;Moestafa
;Abdelhamid
;Aschraf
;Fayçal
;Anouar
;Badr
;Abdel Mounaim
;Jaouad
;Zack
;Blessing
;Fatlum
;Eljero
;Meschack
;Niclas
;Alberth
;Juergen
;Medy
;Anatz
;Nader
;Christie
;Fevzi
;Arsène
;Gexan
;Caniggia
;Urby
;Elliot
;Breel
;Innocent
;Xian
;Adili
;Tsubasa
;Stig
;Irvin Alan
;Eloge
;Manassé
;Devis
;Márton
;Alexandru
;Serdarcan
;Tugrul
;Dubán
;Alparslan
;Mevlüt
;Kayacan
;Yigitcan
;Alp
;Nenad
;Saturday
;Ferit
;Panzu
;Metin
;Andoni
;Ertugrul
;Erten
;Gencay
;Himmet
;Luis Miguel
;Dionicio
;Corentin
;Jackson
;Iosu
;Jokin
;Dardo
;Sixto
;Runar
;Luigy
;Juan Alberto
;Vicente
;Lenin
;Bert
;Clint
;Herman
;Mert Er
;Jorge Iván
;Obed
;Pervis
;Tulio
;Agil
;Safet
;Jean-Phillippe
;Josu
;Xabi
;Antony
;Ched
;Corry
;Jean-Lambert
;Jonny
;Keiran
;Dale
;Jahdae
;Kai Bastian
;Ties
;Håkon
;Elber
;Malick
;Willi
;Dimitar
;Duwayne
;TJ
;Saeid
;Ebere
;Chidera
;Imoh
;Cas
;Lukasz
;Cesc
;Ralf
;Collins
;Wladimiro
;Eugene
;Alioun
;Latyr
;Wal
;Jean-Alain
;Clemens
;Caín
;Tyson
;Imad
;Wencho
;Hafid
;Sodiq
;Braima
;Ença
;Azim
;Hervè
;Réda
;Ablaye
;Wagane
;Pasquale Daniele
;Semyon
;Morgan
;Jeff-Denis
;Arne
;Ljubomir
;Arber
;Gian Filippo
;Jon Ander
;Marouane
;Rolf
;Gabard
;Shamir
;Ahmet Sabri
;Royal-Dominique
;Arianit
;Beg
;Rohan
;Zinedine
;Shakeem
;Baba
;Edimilson
;Gedson
;Gelson
;Gerso
;Ivanildo
;Rashaan
;Wuilito
;Alexandro
;Alvaro
;Collin
;Jesus
;Lalo
;Gian Marco
;Aldair
;Fernán
;Johad
;Islam
;Ingo
;Kemil
;Matti
;Maynor
;Renze
;Timon
;Andréa
;António
;Nikica
;Rodéric
;Azad
;Biagio
;Zahit
;Paul-Antoine
;Alfreð
;Kolbeinn Birgir
;Serkan
;Darnell
;Oneil
;Sahin
;Cédrick
;Amilcare
;Jón Guðni
;Kian
;Iain
;Vinzenz
;Zian
;Per-Egil
;Tamiko
;Sherel
;Edison
;Benjamen
;Alwyn
;Diaranké
;Guessouma
;Moryké
;Nama
;Oussoumane
;Séko
;Sidi
;Yahia
;Yamadou
;Owain
;Mateus
;Zinho
;Jean-Pascal
;Navarone
;Kenardo
;Kortne
;Dariusz
;Jordon
;Jeffry
;Odaïr
;Marc-Antoine
;Tarique
;Daam
;Gwenn
;Lillian
;Caoimhin
;Ohoulo
;Reynald
;Ivan Carlos
;Estéfano
;Ed
;Geronimo
;Waylon
;Christiano
;Anto
;Ray
;Przemyslaw
;Enric
;Nikolai
;Elvio
;Kieron
;Jim
;Ziga
;Natanaël
;Yanik
;Samúel Kári
;Sidney
;Godfried
;Kianz
;Constantin
;Carlos Esteban
;Dael
;Jeando
;Ermanno
;François-Xavier
;Rogelio
;Brent
;Mijat
;Jentl
;Gérman
;Endika
;Lyubomyr
;Gioacchino
;Einar
;Ale
;Vagiz
;Declan
;Adria
;Gauthier
;Nino
;Hayk
;José Angel
;Najib
;Irek
;Silvère
;Seyt-Daut
;Ricky
;Grey
;Ronny
;Alejandro Arturo
;Boniek
;Devron
;José Juan
;Juan Ezequiel
;Luis Adalberto
;Luis Arcadio
;Luis Manuel
;Ulisses
;Zelmar
;Omed
;György
;Shean
;Ged
;Lolo
;Juan Fernando
;Desiderio
;Demián
;Shamil
;Albion
;Shkëlzen
;Stevo
;Ángel Jocsan
;Omare
;Saihou
;Cyrill
;Derek
;Dalibor
;Ezequías
;Nikolaj
;Dwight
;Ibragim
;Anvar
;Dieudonné
;Jean-Philippe
;Garland
;Ambroise
;Sackré
;Bo
;Lutsharel
;Ioannis
;Ishkhan
;Egemen
;Saban
;Jann
;Kevan
;Shamal
;Alec
;Svyatoslav
;Andronicos
;Abdelrafik
;Valère
;Seçkin
;Inal
;Darryl
;Saman
;Reza
;Faouzi
;Robertino
;Giannis
;Ajani
;Gershon
;Darron
;Jeroen
;Rubén Darío
;Giammarco
;André-Pierre
;Elvir
;Dyon
;Jaydn
;Rubyn
;Dinesh
;Macaulay
;Jean-François
;Cor
;Rene
;Benedikt
;Ghislain
;Diago
;Antonis
;Ken
;Edvinas
;Rúrik
;Klaus
;Heroid
;Kleto
;Justen
;Ettore
;Eddy
;Silas
;Armand
;Chryst
;Harlem
;Tomiko
;Fadel
;Saviour
;Yaroslav
;Akaki
;Cyriac
;Eriz
;Yigit
;Ihsan
;Claus
;Tylor
;Timm
;Joze
;Angel
;Antero
;Heurelho
;Iuri
;Madger
;Olávio
;Saná
;Zé
;Yeimar
;Maxi
;Moi
;Nahúm
;Bafétimbi
;Bédsenté
;Farah
;Lys
;Morgaro
;Virgil
;Cenk
;Murad Han
;Juan Francisco
;Arnaldo
;Derlis
;Homar Goethe
;Mark Anthony
;Olmo
;Lynden
;Thijmen
;Lokman
;Kellan
;Shea
;Astemir
;Borko
;Pier Graziano
;Kenji
;Devala
;Hunter
;Donny
;Alimami
;Jean-Lou
;Vadym
;Randi
;Ashton
;Prince-Désir
;Lemouya
;Hérold
;Ninos
;Khaled
;Ewout
;Gürcan
;Jochen
;Jean-Pierre
;Laureano
;Stanislas
;Jai
;Karlan
;Sanchey
;Danzell
;Demarai
;Sanjin
;Devarn
;Serginho
;J.J.
;Ján
;Mykola
;Alen
;Quinton
;Brenton
;Leigh
;Reo
;Gia
;Arutyun
;Kick
;Nicolai
;Jay-Roy
;Iliya
;Bojan
;Radim
;Sten
;Alán
;Fredy
;Dilaver
;Metehan
;Dragisa
;Sveinn Aron
;Jóhann Berg
;Jessie
;Yanick Salim
;Paul-André
;Ataullah
;Austin
;José Daniel
;Medhy
;Inters
;Josuha
;Serhou
;Faruk
;Fredrik
;Asil Kaan
;Onurcan
;Andaç
;Ayaz
;Aimar
;Maximillian
;Kellen
;Ceyhun
;Ersan
;Gökay
;Angus
;Aron Einar
;Gavin
;Olcay
;Azamat
;Mihai
;Kurtis
;Carlos Alberto
;Christián
;Teófilo
;Yosgart
;Yigithan
;Günay
;Sylvestre
;Tanguy
;Galip
;Humberto
;Luis Fabián
;Wiliam
;József
;Raymond
;Bendegúz
;Seung Jun
;Kristiaan
;Erling
;Yaser
;Reeco
;Neveal
;Mounaim
;Najim
;Dado
;Merlin
;Eldin
;Kenan
;Ianis
;Warner
;Jörg
;Massadio
;Geoffry
;Anel
;Kreshnik
;Izet
;Sead
;El Hamel
;Joep
;Fergal
;Almir
;Tibor
;Besar
;Grant
;Mylo
;Melker
;Hannes Þór
;Chandler
;Aapo
;Jiloan
;Pierre-Yves
;CJ
;Malyk
;Wade
;Zaccaria
;Faris
;Jugurtha
;Marek
;Anas
;Seyid
;Faicel
;Celal
;Rüstü
;Mika
;Ridgeciano
;Genki
;Lukáš
;Tammo
;Curro
;Ciaron
;Alim
;Varazdat
;Rekeem
;Michél
;Atiba
;Halburto
;Ellis
;Shayon
;Makoto
;Adis
;Dogucan
;Joaquin
;Warsama
;Fahardine
;Fares
;Mouez
;Jaell
;Pantelis
;Sigurd
;Franz
;Kortney
;Charmaine
;Gwénaël
;Dalvin
;Terry
;Agon
;Arsalan
;Thom
;Jacori
;Clinton
;Eden
;Kylian
;Thorgan
;Finley
;Zlatko
;Kenneth
;Jahmal
;Cyprian
;Freek
;Korantin
;Ewan
;Zane
;Jorrit
;Rouwen
;Dion-Curtis
;Rushian
;Kleyveens
;Juan Franco
;Antú
;Anuar
;Areli betsiel
;Camilo
;Felipé
;Jesús Damián
;Joaquín Alonso
;Judah
;Luis Fernando
;Luis Humberto
;Melitón
;Onel
;Romilio
;Tenca
;Yangel
;Chus
;Jesaja
;Wolfgang
;Uwe
;Përparim
;Menno
;Edoh
;Tim-Oliver
;Kallum
;Cerezo
;Jahquil
;Vance
;Jeredy
;Akeem
;Freddie
;Kaylen
;Tariq
;Marwin
;Vaclav
;Tommie
;Bob
;Chakib
;Nermin
;Jergé
;Dilivio
;Jannes
;Ron Thorben
;Immanuel
;Pierre-Emile
;Marshall
;Haydn
;Shayne
;Duane
;Tareiq
;Gavan
;Gerrit
;Keisuke
;Niek
;JJ
;Hallam
;Dinko
;Jizz
;Bastian
;Ivor
;Miran
;Olivér
;Bryce
;Emad
;Lenny
;Nizar
;Lyes
;Rrezart
;Vigan
;Lukás
;Saber
;Vitezslav
;Petko
;Ajdin
;Mathew
;Marian
;Denver
;Tucker
;Walker
;Desi
;Shaan
;Torino
;Klaas-Jan
;Guus
;Özer
;Avilés
;Josef
;Zeno
;Noor
;Gergely
;Emyr
;Lee Seung
;Emerson
;Elseid
;Rafael Antonio
;Jorge José
;Jabo
;Ideal
;Leart
;Isaac Guy
;Abbas
;Abbe
;Nurkan
;Zlatan
;Shemsedin
;Zahir
;Sylvester
;Odion
;Dimas
;Raily
;Heidi
;Kelechi
;Tevin
;Ayotunde
;Ilija
;Plamen
;Giannelli
;Lex
;Or
;Dogus Can
;Saveriano
;Svante
;Garissone
;Takashi
;Ilario
;Ozan
;Kelly
;Nerón
;Urtzi
;Radzhab
;Doga
;Mikael
;Izzet
;Zeli
;Khalid
;Ardian
;Floris
;Neyén
;Volodya
;Kamal
;Siddik
;Valdet
;Cedric
;Gian-Luca
;Aljaz
;Kruno
;Tyron
;Branislav
;Vanja
;Samson
;Rochdi
;Gwennaël
;Anssi
;Gickes
;Jaroslaw
;Kayden
;Keaghan
;Thore
;Hasán
;Kim
;Lamin
;Alireza
;Diallang
;Daniels
;Jeton
;Jakup
;Arnel
;Shwan
;Luther
;Bradford
;Tsotleho
;Rangelo
;Vasilije
;Saidy
;Muhamadou
;Anco
;Quint
;Roel
;Toon
;Willem
;Wolke
;Dico
;Traian
;Rune
;Petrit
;Bakery
;Dallas
;Berlin
;Mile
;Tin
;Josko
;Tihomir
;Enej
;Kresimir
;Vitomir
;Jemeiko
;Mechack
;Bozo
;Antonijo
;Álbaro
;Ekaitz
;Jaiber
;Japheth
;Leiton
;Lenell
;Jemal
;Leonard
;Tyreke
;Karl-Johan
;Sido
;Ismaila
;Chike
;Ciaren
;Gethin
;Jodi
;Joevin
;Kenwyne
;Ingvar
;Yonatan
;Edisson
;Cristóbal
;Evens
;Steeven
;Matthis
;Vukasin
;Stevan
;Benji
;Bassel
;Rami
;Azbe
;Simen
;Gideon
;Killien
;Lago
;Pio
;Tito
;Zainadine
;Ravalino
;Gillian
;Lasse
;Stanko
;Hidde
;Ferat
;Plumb
;Younès
;Lion
;Edaly
;Mahamoudou
;Nicke
;Arian
;Labinot
;Paymon
;Mastanabal
;Idris
;Jan-Patrick
;Foued
;Michal
;Abubakar
;Damian
;Shinji
;Sullay
;Egli
;Otar
;Sasa
;Kalvin
;Nedjeljko
;Thadèe
;Jan-Philipp
;Sedrick
;Salomon
;Gédéon
;Aboubakar
;Bingourou
;Hassane
;Kei
;Janick
;Radenko
;Cendrim
;Vladimirs
;Carsten
;Jean-Armel
;Herbie
;Evans
;Elimane Franck
;Aboubakary
;Massiré
;N'Golo
;Rifet
;Stefanos
;Patrick Wolfgang
;Wilfrid
;Aytaç
;Ümit
;Aydin
;Özkan
;Efecan
;Jem
;Kivanç
;Samed
;Seddar
;Hamadou
;Vazoumana
;Bünyamin
;Dursun
;Cebrail
;Malte
;Erce
;Abu-Bakarr
;Rasmus
;Gregory
;Orestis
;Joannis
;Meik
;Erkan
;Yusuf Emre
;Pajtim
;Fandjo
;Prosper
;Faysel
;Djaïd
;Gervane
;Grigoris
;Artian
;Elhan
;Lirim
;Alexandros
;Adlan
;Ole
;Phanuel
;Ismet
;Eiji
;Gökcan
;Güngör
;Nurullah
;Onür
;Sercan
;Yüksel
;Beram
;Abdülkadir
;Seydi
;Tanju
;Etem
;Moise
;Neeskens
;Ilan
;Papa Ibou
;Ákos
;Tomasz
;Vauvenargues
;Thilo
;Dekel
;Alhassane
;Missa
;Moktar
;Naby
;Sega
;Tidiane
;Tiécoro
;Ergin
;Yavuzhan
;Tufan
;Fiacre
;Caine
;Dane
;Jirès
;Marc-Oliver
;Prisse
;Jonjoe
;Frankie
;Yves-Marie
;Gyrano
;Redouane
;Sami Can
;André-Patrick
;Batraz
;Anry
;Necirwan
;Rustam
;Saïf-Eddine
;Wahbi
;Rani
;Deviko
;Taimaz
;Davit
;Jamaldin
;Khetag
;Itumeleng
;Sung-Yeung
;Valery
;Rok
;Rahavi
;Astor
;Doganay
;Ekrem
;Gérald
;Tae-Seong
;Jérémi
;Presnel
;Gadi
;Nya
;Feridun
;Thorsten
;Gennady
;Lynel
;Perry
;Viðar Örn
;Patric
;Mihovil
;Grzegorz
;László
;Danil
;Mateusz
;Augustinas
;Gersom
;Edo
;Törles
;Daigo
;Yûki
;Joé
;Lider
;Taner
;Yunus
;Bertul
;Fazli
;Ridvan
;Cagri
;Kobamelo
;Nestor
;Erwin
;Seybou
;Sotirios
;Emrullah
;Aristidi
;Marnix
;Jassem
;Randal
;Angee
;Amidi
;Dramane
;Hillel
;Aidara
;Anibal
;Arouna
;Famoussa
;Koro
;Sidy
;Youssouf
;Ezri
;Peer
;Elián
;Bora
;Evren
;Dar
;Raffael
;Arshak
;Mikita
;Bahattin
;Tanasiy
;Georgi
;Zivko
;Serhat
;Rominigue
;Maziar
;Djiman
;Kalidou
;Efthymis
;Wilmer
;Blanstel
;Kodjovi
;Cheikhou
;Redzo
;Miro
;Yuriy
;Maksym
;Dawid
;Goduine
;Cüneyt
;Savely
;Bozhidar
;Abdelkader
;Erdis
;Chiel
;Titas
;Genc
;Jetmir
;Kamer
;Vasyl
;Ladislav
;Anders
;Kristófer Ingi
;Mitja
;Rogier
;Krzysztof
;Aljosa
;Quin
;Rade
;Hekuran
;Mirlind
;Wato
;Alihan
;Jannis
;Yûya
;Sanijel
;Juraj
;Mulopo
;Burim
;Tonci
;Laurynas
;Marash
;Bennard
;Des
;Burakcan
;Mathys
;Pejo
;Yekta
;Ugur Arslan
;Layvin
;Vasil
;Wim
;Genséric
;Zdravko
;Daler
;Daur
;Irakli
;Kusi
;Adam Larsen
;Enock
;Derre
;Grejohn
;Frederick
;Gyamfi
;Giorgos
;Chabos
;Leonidas
;Joss
;Brighton
;Zakarie
;Vasilis
;Souhail
;Qazim
;Duke
;Dusan
;Mathis
;Aissa
;Noui
;Konstantinos
;Konrad
;Gibrán
;Erald
;Domonique
;Khalil
;Ricki
;Al Hassan
;Guy Michel
;Ioritz
;Loïck
;Noa
;Tiziano
;Maurizio
;Miqueas
;Aymeric
;Lassi
;Karl-Heinz
;Charles-Elie
;Jesús Alberto
;Aimen
;Cyle
;Japhet Sery
;Richie
;Jamaal
;Yohann
;Pierre-Michel
;Forrest
;Siebren
;Mentor
;Iasmin
;Jocelyn
;Mégan
;Numa
;Ephraim
;Qudus
;Kemar
;Danylo
;Jean-Thierry
;Flavien
;Killian
;Darragh
;Cruz
;Randall
;Orest
;Levin
;Arturo Javier
;Jae-Gun
;Seung-Woo
;Wandrille
;A-Jay
;Yerko
;Granit
;Gökan
;Pierre-Etienne
;Ermir
;Brooks
;Bernd
;Jeremain
;Georg
;Dmytro
;Angélino
;Jean-Michel
;Khanya
;Matéo
;Brett
;Zeiko
;Jean-Rémy
;Elmo
;Davino
;Bujar
;Josimar
;Stallone
;Meddy
;Heinz
;Karol
;Aidar
;Armani
;Kreso
;Erikson
;Jermano
;Youri
;Arseny
;Frederic
;Inés
;Aubin
;Rosaire
;Sebastiano
;Keyennu
;Augustine
;Ademola
;Junior Joaz
;Adriá Mateo
;Antonio de Jesús
;Carlos Antonio
;Carlos Humberto
;Edwar
;Javier Eduardo
;Jesús Enrique
;Jesús Jair
;José Gilberto
;Joshué
;Leobardo
;Marco Antonio
;Nik
;Jeremias
;Rosier
;Alfio
;Luis Guadalupe
;Panagiotis
;Abderrahim
;Juvrel
;Cyriaque
;Terrell
;José Rubén
;Hirving
;Dani Junior
;Kazenga
;Narciso
;Beryly
;Zac
;Maecky
;Boyd
;Luiyi
;Nahoshi
;Florentino
;Romelu
;Dodi
;Josias
;Assani
;Senad
;Tortol
;Levi
;Uvaldo
;Ramon-Pascal
;Silviu
;Bigen
;Aristote
;Vitalij
;Ubay
;Charalabos
;Senne
;Kodi
;Dalian
;Larrys
;Rodolphe
;Sharly
;Makan
;Giordano
;Sherjill
;Zinédine
;Deiver
;Darian
;Erwann
;Lévy
;Mouaad
;Luis Guillermo
;Nicolaj
;Niki
;Coen
;Carmelo
;Christoffer
;Gus
;Bernabé
;Deivoon
;Egoitz
;Giangiacomo
;Hörður Björgvin
;Chingiz
;Sähruddin
;Jessim
;Parker
;Mimoun
;Bayan
;Riyad
;Linton
;Léopold
;Radoslaw
;Karlo Igor
;Róbert
;Jean-Victor
;Tripy
;Gaïus
;Tyrell
;Zeljko
;Artemy
;Cephas
;Donyell
;Sanharib
;Stevie
;Trojan
;Turpal-Ali
;Maxym
;Streli
;Stone
;Rey
;Harrinson
;Devin
;Over
;Parfait
;Riffi
;Sayouba
;Aïssa
;Mikaël
;Sori
;Helistano
;Eliaquim
;Orel
;Riki
;Doudou
;Sénah
;Ewen
;Kekuta
;Ousman
;Jurjan
;Ruggero
;Vito
;Abdoulie
;Shaher
;Neftali
;Myziane
;Faitout
;Stélio
;Tanis
;Solly
;Ofir
;Ludcinio
;Osmar
;Vaughn
;Jhurrey
;Timofey
;Yoshi
;Hedgardo
;Razvan
;Enver
;Stergos
;Piergiuseppe
;Marjan
;Gévero
;Aleksa
;Stipo
;Svetozar
;Nuha
;Shaho
;Fernando Roy
;Josafat
;Sulayman
;Keanu
;Gertjan
;Malaury
;Nolan
;Cuco
;Shermaine
;Shermar
;Sullivan
;José Joaquín
;Josep
;Néstor Salomé
;Xiscu
;Victorio
;Edelmiro
;Dénis
;Élio
;Obafemi
;Liandro
;Jan-Hendrik
;Maka
;Lino
;Shamsudin
;Khachim
;Ephron
;Debert
;Ntumba
;Francescu
;Hachim
;Florentin
;Ales
;Francisco José
;Will-Cesaire
;Ayrton
;Chema
;Kristjan
;Shpend
;Mileta
;Ferid
;Napo
;Jamille
;Cud-Joe
;Remi
;Blaise
;Deivydas
;Azor
;José-Junior
;Stephy
;Rio
;Jamshed
;Mihlali
;Pierre-Rudolph
;Davel
;Fernand
;Dadie
;Lois
;Rabah
;Noussair
;Safwan
;Salem
;Jerry
;Ridwane
;Chancel
;Dieumerci
;Raïs
;Jean-Manuel
;Ilombe
;Michee
;Claudy
;Jobi
;Pat
;Dax
;Garath
;Robby
;Donal
;Gerry
;Aiden
;Kendall
;Barrie
;Justyn
;Weston
;Orrin
;Rian
;Sammie
;Amirdine
;Jernade
;Kaïss
;Merwan
;Beniamino
;Reian
;Jordanes
;Ramarni
;José Miguel
;Zech
;Linas
;Billal
;Admir
;Ersi
;Adi
;Jan-Steffen
;Livio
;Kurnia
;Soualiho
;Yakou
;Ylber
;Tjorven
;Safa
;Ledian
;Esneyder
;Nasser
;Germano
;Houboulang
;Pacheco
;Efrén
;Luis Ángel
;Stiven
;Batista
;Bissenty
;Cabrel
;Ferland
;Formose
;Nampalys
;Addy
;Dolly
;Marciano
;Queensy
;Lorenzo Maria
;Briac
;Phillip
;Papito
;Hursut
;Sabin
;Kelian
;Dries
;Roque
;Muris
;Naoufal
;Shkodran
;Khius
;Rihairo
;Melle
;Miha
;Nejc
;Linus
;Hervey
;Lindo
;Omenuke
;Djahaoil
;Senna
;Dalnath
;Luis Ernesto
;Cesare
;Joy-Lance
;Joy-Slayd
;Leroy-Jacques
;Claudiu
;Fraty
;Inácio
;Severin
;Srdjan
;John Obi
;Sita
;Luigji
;Arkadiusz
;Antoni
;Nicolae
;Sergej
;Pere
;Jaic
;Yerry
;Calogero
;Takumi
;Viviano
;Piero
;Brendon
;Landro
;Chase
;Alf
;Benedik
;Ignasi
;Arnau
;Fito
;Josete
;Roderick
;Leonid
;Reziuan
;Stacy
;Cendrino
;Gianvito
;Demetri
;Trey
;Tyrick
;Miodrag
;Faruku
;Ryô
;Henrikh
;Lucky
;Ridge
;Vasile
;Abukar
;Fahad
;Didine
;Mehrdad
;Milad
;Zehn
;Benno
;Wilfred
;Sylian
;Kamohelo
;Adrían
;Azarías
;Hernan
;Quirin
;Lebogang
;Gessym
;Antonny
;Arno
;Kevyn
;Cris
;Èric
;Migue
;Jony
;Genís
;Nehuén
;Byron
;Kieffer
;Shaq
;Tafari
;Zacarías
;Florencio
;Giotto
;Evander
;Marveen
;Valtteri
;Amando
;Dayro
;Marcelino
;Marlos
;Yairo
;Albie
;Ashtone
;Eoghan
;Alvarado
;Ljiridon
;Ryôta
;Bryn
;Carlton
;Darrick
;Callumn
;Ravel
;Gearóid
;Edem
;Patrizio
;Kareem
;Tumi
;Lebo
;Jad
;Hervaine
;Harold
;Savvas
;Bevic
;Hawbir
;Yura
;Yven
;Pelly-Ruddock
;Ruddy
;Tracy
;Kwazinkosi
;Dejesus
;Aimane
;Raouf
;Narfayi
;Ognjen
;Bevis
;Saalih
;Rashad
;Rustem
;Hany
;Nordi
;Liridon
;Erasmo
;Jim-Patrick
;Sanin
;Antxon
;Newton
;Sulley
;Aihen
;Jovi
;Gaëtano
;Medin
;Edvin
;Arijanet
;Jeison
;Yeison
;Dehninio
;Tuda
;J.T.
;Yrondu
;Torben
;Admiral
;Knowledge
;Bunjamudin
;Temur
;Yoshinori
;Osni
;Stephané
;Yvon
;Jean-Yves
;Ancoub
;Emrakh
;Elmir
;Tomeu
;Eliseu
;Yahya
;Yuto
;Darlington
;Radja
;Kal
;Issey
;Marvelous
;Préjuce
;Nahitan
;Malachi
;Furdjel
;Budaq
;Kliment
;Kamzat
;Carlos Iván
;Hilario
;Keylor
;Dimitrij
;Duckens
;Corrie
;Kastrijot
;Guirane
;Tahirou
;Gigli
;Tsiy-William
;Khadim
;Alphousseyni
;Birame
;Cheikh
;Chérif
;Démé
;Ismaïla
;N'Diassé
;Sana
;Bridge
;Delvin
;Mignon
;Grace
;Daudet
;Balu
;Birama
;Mayoro
;Layton
;Bertrand
;Lamar
;Arda
;Ionut
;Steevy
;Maikol
;Matthiece
;Miquel
;Reiss
;Sid
;Gevaro
;Knox
;Ravil
;Vashon
;Berk
;Bondz
;Anatole
;Jessic
;Yéni
;Bismark
;Ferris
;Romaric
;Granddi
;Boris-Claude
;Opa
;Pierre-Daniel
;Phi
;Birahima
;Sikou
;Youssoufou
;M’Baye
;Thierno
;Guy-Roland
;Cheickh
;Håvard
;Flemming
;Reuven
;Norichio
;Sylvanus
;Casimir
;Urho
;Leotrim
;Rilind
;Eldar
;Hervé Gilbert
;Leopold
;Georges-Kévin
;Darly
;Malhory
;Xaime
;Peru
;Lalaïna
;Andries
;Evandeur
;Bruny
;Jaffray
;Vital
;Ambre
;Christ
;Paul-Georges
;Kgosi
;Chiró
;Atdhe
;Atinç
;Gervasio
;Ilmir
;Kennedy
;Gerzino
;Sainey
;Jerrold
;Mamadee
;Ørjan
;Mbala
;Tashan
;Tope
;Salomón
;Onua
;Nwankwo
;Keelan
;Daire
;Paudie
;Vadis
;Clarke
;Timi
;Nnamdi
;Reagy
;Chiedozie
;Reagan
;Mariyan
;Fegor
;Jang Won
;Haviv
;Ludvig
;Thiago
;Funso
;Sheyi
;Eunan
;Fejiri
;Stevy
;Rubin
;Birkan
;Rauf
;Masaya
;Amobi
;Alaaddin
;Ali Firat
;Orji
;Árni Snær
;Isaías
;Hodei
;Vadaine
;Olufela
;Maksim
;Warmed
;Elías Már
;Johanna
;Abdelhakim
;Billel
;Ogenyi
;Terell
;Zdenek
;Hervin
;Menderes
;Nedum
;Okenna
;Ifeanyi
;Thijs
;Ike
;Emeka
;Kofi
;Endy
;Johnatan
;Jandro
;Dever
;Divock
;Gioele
;Muriel
;Luis Enrique
;Gabri
;Yeray
;Ramón Pedro
;Osayamen
;Jamey
;Derik
;Barnes
;Derick
;Dara
;Deji
;Yordan
;Tomáš
;Ferdinand
;Jurgi
;Rómulo
;Mahatma
;John-Joe
;Yari
;Fawzi
;Abdelali
;Sylvio
;Bassalia
;Inoussa
;Louckmane
;Shady
;Obbi
;Moyadh
;Con
;Sjoerd
;Huib
;Araik
;Segun
;Elisha
;Leeroy
;Osei
;Kontor
;Aston
;Adesoye
;Noyan
;Sener
;Ertaç
;Özgür Can
;Tamer
;Kaan Kadir
;Ahmet Ilhan
;Evrim
;Bilal Aziz
;Nezir
;Zülküf
;Yilmaz
;Cihangir
;Atilla
;Sezer
;Nduka
;Erhun
;Alpaslan
;Eslem
;Gürkan
;Mertan
;Dorlan
;Janko
;Drilon
;Ober
;Seung-Ho
;Sandy
;Flávio
;Ryduan
;Kasey
;Lovel
;Romal
;Yves Simon
;Fahri
;Bambang
;Txema
;Boakye
;Orazio
;Costel
;Michalis
;Kyriakos
;Sokratis
;Fotis
;Gäetan
;Jung-Yeong
;Mich'el
;Keaton
;Birol
;Issouf
;José Ramón
;Elvy
;Remko
;Edinho
;Tomek
;Bjørn
;Mickäel
;Pavle
;Jiri
;Vangelis
;Mour
;Desevio
;Giampaolo
;Bailey
;Shaki
;Aynsley
;Darijo
;Szilárd
;Heber
;Sócrates
;Mink
;Mert Sinan
;Tayfun
;Alejandro Jaír
;Graziano
;Marco Alberto
;Ulisse
;Tre
;Ricardo Israel
;Adalberto
;Teemu
;Hielke
;Cécé
;Mirnes
;Gezim
;Oribe
;José Tomás
;Fanol
;Roli
;Hildeberto
;Amado
;Ayoze
;Josua
;Renso
;Roberto Carlos
;Spiro
;Giampietro
;Romano
;Pavao
;Jordens
;Alexandar
;Lazar
;Deimantas
;Aleksandro
;Radosav
;Alexi
;Guyon
;Demar
;Fafà
;Virgile
;Amos
;Kik
;Zaine
;Ronaël
;Listner
;Malcon
;Fer
;Juan Pedro
;Reluño
;Leonin
;Luis Donaldo
;Orbelín
;Aimery
;Stéfano
;Paride
;Yelko
;Pono
;Everton
;Everon
;Giammario
;Yussef
;Villiam
;Miralem
;Euloge
;Johny
;Nii
;Joao
;Mihail
;Glynor
;Zaurbek
;Wiljan
;Ange-Freddy
;Gerónimo
;Rydell
;Dan-Patrick
;Denis-Will
;Furgan
;Theodoros
;Boze
;Paxton
;Ivelin
;Strahil
;Nebojsa
;Ludgero
;Virgiliu
;Yussuf
;Morteza
;Ian Carlo
;Alvas
;Demiro
;Percy
;Aleandro
;Abdón
;Smail
;Predrag
;Lihué
;Mackenzie
;Giusto
;Sloan
;Grischa
;Jerold
;Ijiel
;Kacper
;Petros
;Arián
;Ethem
;Afimico
;Joedruck
;Ermes
;Kolja
;Aram
;Rekeil
;Christy
;Dilan
;Madi
;Luismi
;Aodhan
;Caye
;Romell
;Yonel
;Darijan
;Silvano
;Rinjala
;Anis
;Jukka
;Slobodan
;Dijon
;Benito
;Kyllan
;Braulio
;Cándido
;José Andrés
;José David
;José Saúl
;Juan de Dios
;Damià
;Gabi
;Kaj
;Zotsara
;Juliano
;Naly
;Milot
;Osama
;Adthe
;Khadim Joher
;Stefane
;Henrich
;Yoric
;Connell
;Farrend
;Jahnai
;Bryam
;Kenny Prince
;Lior
;Romero
;Obeng
;Yanni
;Olindo
;Xesc
;Adonijah
;Kyel
;Winston
;Gilberto
;Kurt
;Wílber
;Erkam
;Juul
;Martín Obayram
;Yordy
;Kaveh
;Diego Inacio
;Romeu
;Yuri
;João Cláudio
;Kenton
;Spencer
;Tosaint
;Sito
;Romeo
;Baltasar
;John Arne
;Damiano
;José-Enrique
;Mihailo
;Gelmín
;Rigoberto
;Martí
;Cal
;Hugh
;Kory
;Mallan
;Quillan
;Clark
;Jalen
;Mack
;Saeed
;Hal
;Jean-Jacques
;Aldo Paúl
;Cimo
;Carlos Felipe
;Carlos Gerardo
;Clemente
;Crispiniano
;Galo
;Jesús Gerardo
;Jesús Iván
;Luis Alfonso
;Memo
;Franklin
;Elthon
;Juan Ricardo
;Medard
;Elohim
;Joan Àngel
;Alaixys
;Mahlon
;Jorge Ángel
;Lázaro
;Devon
;Jorris
;Luis Francisco
;Aliu
;Kelle
;Maj
;Brandon Michel
;Ahkeem
;Keegan
;Odise
;Giampiero
;Gian Maria
;Aris
;Lazaros
;Rajko
;Kelyn
;Manel
;Viti
;Eugen
;Juan Ramón
;Rubio
;Everardo
;Eymeric
;Momcilo
;Adelquis
;Enry
;Robbin
;Fermin
;Gerardo Daniel
;José Jesús
;Andrius
;Rúnar Alex
;Raul
;Maciej
;Jafet
;Juan Remberto
;Behadil
;Samel
;Vicenç
;Minel
;Silvestre
;Gaoussou
;Falaye
;Hadi
;Zaur
;Laurant
;Loret
;Mat
;Sélim
;Scotty
;Eliud
;Birkir Már
;Kaua
;Matvey
;Marat
;Bacary
;Aleson
;Dilhan
;Ozcan
;Nihat
;Nuri
;Turgut
;Ömer Ali
;Saku-Pekka
;Carte
;Hiroki
;Diafra
;Mathurin
;Dragoljub
;Veroljub
;Maki
;Lulzim
;Demerali
;Valmir
;Baltazar
;Ibán
;Diadié
;Mbwana
;Falou
;Bassala
;Idrisa
;Midana
;Rubens
;Giuseppe Antonio
;Innokenty
;Younan
;Yosef
;Emile
;Amiran
;Anzor
;Catriel
;Davinson
;Ilie
;Javier Ozmar
;Jorge Alberto
;Juan Bautista
;Juan Domingo
;Jadon
;Gael
;Ansoumana
;Arona
;Mouhameth
;Taj
;Ibrahima Sory
;Baïssama
;Bubacarr
;Abderahmane
;Vamara
;Germain
;Netan
;Fabiano
;Krsevan
;Alefe
;Edmilson
;Maicon
;Tayyib
;Zaidu
;Adewale
;C.J
;Noah-Joel
;Adnane
;Veysel
;Ajeej
;Nunoo
;Bouna
;Macou
;Malang
;Sally
;Sangoné
;Lluís
;Minori
;Aymerick
;Téji
;Andelko
;Romaine
;Ilker
;Akçan
;Missada
;Hatim
;Salaheddine
;Luigi Alberto
;Jaric
;Bennett
;Reto
;Xandro
;Vianney
;Kjell
;Xaver
;Doke
;Jan-Marc
;Jerdy
;Morris
;Jur
;Job
;Perr
;Pirmin
;Ataliva
;Damion
;Djessine
;Mafall
;Cain
;Sherwin
;Taulant
;Sonhy
;Fugo
;Adul
;Ajet
;Adiilj
;Alisan
;Wallid
;Mite
;Lindon
;Ransford
;Nansel
;Faiz
;Yevgen
;Vahid
;Hedon
;Davie
;Jerell
;Matz
;Francky
;Alfa
;Utku
;Júnior
;Saër
;Matteus
;Zafer
;Erkut
;Mickael
;Jerko
;Kléri
;Tarkan
;Suat
;Serder
;Jean Michaël
;Janni
;Helios
;Ramil
;Meritan
;Rijat
;Visar
;Shamsiddin
;Xherdan
;Almaz
;Alikhan
;Brayden
;Oli
;Qhays
;Brek
;Abdullahi
;Loran
;Swan
;Khiry
;Jonjo
;Levan
;Volodymyr
;Kaine
;Artan
;Graeme
;Tiyi
;Olamide
;Shamit
;Sasha
;Marios
;Gazi
;Ovidijus
;Abdelkarim
;Aboubacar
;Rashade
;Wieger
;Jan-Ole
;Kolbeinn
;Björn Bergmann
;Arnór
;Gylfi
;Belmin
;Onyekachi
;Moamed
;Amílcar
;Janú
;Jesús Eleazar
;Matheus
;Rogério
;Sancidino
;Dajan
;Ba-Muaka
;Lorenco
;Okera
;Jahi
;Kalijah
;Lejuan
;Dashe
;Daz
;Rai
;Rohaan
;Odain
;Beykan
;Hakki
;Jozo
;Finlay
;Sarpreet
;Dogukan
;Manolis
;Alpha
;Mohamadou
;Nassiama
;Slimane
;Pione
;Javen
;Meris
;Ellyes
;Per
;Jørgen
;Miljan
;Ari Freyr
;Jairzinho
;Vykintas
;Gijs
;Miljenko
;Alistair
;Jelani
;Karsten
;Korey
;Kuma
;Nakia
;Renny
;Ted
;Andriko
;Shaquill
;Ibraim
;Eynel
;Ramadan
;Marcell
;Ismed
;Ömer Can
;François-Joseph
;Abdulaziz
;Manor
;Viv
;Heung-Min
;Asger
;Mads Bech
;Eliott
;Kitan
;Alagie
;Yeferson
;Ruel
;Josue
;Iliès
;Cebio
;Mazire
;Halifa
;Fidel
;Noel
;Yaya Tafsir
;Moutigui
;Brem
;Dimitrios
;Aires
;Érico
;Ferrety
;Sylla
;Lennard
;Yaren
;Avdo
;Georgios
;Djed
;Greig
;Andraz
;Moris
;Richelor
;Bassem
;Slavoljub
;Andjelko
;Kyron
;Spiros
;Cican
;Tumaini
;Jed
;Demetrio
;Phillipp
;Vincent-Louis
;Pavlo
;Mariusz
;Spyros
;Dujon
;Kazaiah
;Janek
;Enda
;Marsel
;Basil
;Colton
;Gwaeron
;Eial
;Djordjije
;Maksymilian
;José Aurelio
;Pelayo
;Yasir
;Sergiu
;Thanawat
;Din
;Fuad
;Abdullhai
;Magomed-Shapi
;Shpetim
;Skumbim
;Easah
;Fuat
;Cazim
;Fulvio
;Muhammad
;Rogerio
;Juan Paulo
;Kürsad
;Andro
;Joran
;Pierce
;Iebe
;Arjan
;Tibeau
;Mansour
;Issiaga
;Mohamad
;Sadibou
;Salimo
;Kapokyeng
;Noha
;Josce
;Attila
;Wojciech
;Ballou
;Shaqir
;Libor
;Casey
;Ervin
;Saphir
;Gjelbrim
;Shô
;Jasar
;Madih
;Khomeini
;Mersudin
;Hamady
;Strahinja
;Ismar
;Japhet
;Kaya
;Shani
;Amro
;Çinar
;Altug
;Hursit
;Borys
;Devrim
;Maksut
;Servan
;Mel
;Belarmino
;Eti
;Bobby-Joe
;Dunn-ya
;Lyle
;Martell
;Jovanie
;Valdu
;Yordi
;Adolphe
;João Carlos
;Kay
;Tesfaldet
;Tonio
;Yanel
;Teije
;Petr
;Yrlès
;Marc-André
;Jan-Willem
;Maximilien
;Kawin
;Sim
;Rexhep
;Jannick
;Abdou Aziz
;Abdoulkader
;Timmy
;Zouridine
;Sada
;Bjarne
;Aswad
;Skylar
;Tanner
;Guðmundur
;Jaydan
;Matisse
;Nayair
;Jean-Clair
;Shoya
;Dorukhan
;Deran
;Tin Andre
;Tom Alen
;Nouhou
;Lucijan
;Zarko
;Fikayo
;Fahrettin
;Guevin
;Javan
;Lander
;Ferran
;Francisco Jesús
;Ían
;Óscar Alejandro
;Raymundo
;Robinson
;Alin
;Cafer
;Azzeddine
;Morad
;Oumare
;Momodou
;Almamy
;Bissourou
;Larsen
;Lassina
;Salimou
;Seiti
;Zargo
;Andros
;Saâd
;Shilow
;Mattéo
;Baboye
;Diédié
;Djakaridja
;Drissa
;Fodié
;Hadamou
;Hamari
;Hamed Junior
;Vassirky
;Wil
;Arnór Ingvi
;Ennio
;Erbin
;Cipriano
;Sondre
;Akil
;Rieko
;Braeden
;Tirso
;Connal
;José Omar
;Auston
;Siphiwe
;Holly
;Kabongo
;Borislav
;Radoslav
;Ravy
;Kamen
;Tamauri
;Davud
;Reghan
;Benji Iván
;Ali Han
;Lubomir
;Alaettin
;Atila
;Amadu
;Reçep
;Coey
;Haluk
;Hüsamettin
;Seyoum
;Seth Nana
;Desley
;Ikechukwu
;King
;Iké
;Gozie
;Rasul
;Aminu
;Isaak
;Dayot
;Tjorben
;Grga
;Osaze
;Merabi
;Jere
;Uygar
;Rizvan
;Necip
;Uchenna
;Tuna
;Beka
;Sauli
;Mario Andrés
;Enner
;Jader
;Zarek
;Vidian
;Yeremi
;Arsenio
;Fré
;Joost
;Pelé
;Crescendo
;Stan
;Mick
;Steph
;Cederick
;Tibo
;Branco
;Flor
;Jan-Arie
;Daudé
;Jort
;Jef
;Rens
;Silvester
;Vince
;Reyer
;Kyan
;Roshon
;Toine
;Rajiv
;Jellert
;Yoëll
;Josecarlos
;Eef
;Robbe
;Jarad
;Davey
;Wannes
;Gyliano
;Gert
;Sai
;Andris
;Ratko
;Jaan
;Floriano
;Adélcio
;Adílio
;Kevin Yharim
;Mak
;Edder
;Jude
;Stéphan
;Vaso
;Farhod
;Çagatay
;Birhan
;Brayton
;Toño
;Keziah
;Roberts
;Odysseus
;Efraín
;José Pablo
;Etien
;Kostadin
;Piet
;Frederico
;Luis Gerardo
;Galliano
;Eber
;Jherson
;Hobie
;Clay
;Thibaud
;Wellington
;Vinnie
;Marnick
;Birger
;Lode
;Dempsey
;Ranko
;Amedej
;Guglielmo
;Jaron
;Charlton
;Dídac
;Higinio
;Tonny
;Elbio
;Carlos Octavio
;Stéphen
;Wimilio
;Miko
;Otso
;Ron
;Odysseas
;Dušan
;Nedo
;Idriz
;Daian
;Siemen
;Veriano
;Mirson
;Laurin
;Jarne
;Avdija
;Vilibald
;Niksa
;Belly
;José Pierre
;Güray
;Sasal
;Dardan
;Kerr
;Meshach
;Jorgo
;Martyn
;Fridolin
;Molla
;Hauke
;Kenney
;Jazz
;Baggio
;Cachito
;Majeed
;Django
;Collen
;Jamari
;Massih
;Duncan
;Je-Vaughn
;Tennai
;Kelland
;Wonsia-Zuo
;Nahki
;Jörn
;Givan
;Koos
;Zain
;Tjeerd
;Keiren
;Jarek
;Célien
;Georginio
;Giliano
;Tiemen
;Yanic
;Mallik
;Jetro
;Cai
;MJ
;Randell
;Rhydian
;Ronwen
;Ro-Shaun
;Sheanon
;Reno
;Lawrie
;Yoane
;Milo
;Heyes
;Jojo
;London
;O'Brian
;Cauley
;Kaiyne
;Okyere
;Diaz
;Drey
;Haji
;Wu
;Gregg
;Deklan
;José Nuno
;Besart
;Xie
;Xisco
;Xu
;Reinhold
;Yago
;Yan
;Yang
;Thecy
;Mapou
;Yann
;Devann
;Yapp
;Kadem
;Sambou
;Yaya
;Dru
;Yaw
;Köksal
;DeAndre
;Gleb
;Danick
;Erdogan
;Jordann
;Ygor
;Yi
;Sertan
;Muammer
;Muhsin
;Sancar
;Ömürcan
;Abdulhamit
;Seyhan
;Haydar
;Necati
;Recep Burak
;Turan
;Cumhur
;Yohann
;Okay
;Dembakwi
;Yony
;Maya
;Yoshimar
;Amin
;Bendjaloud
;Zaydou
;Camal
;Merter
;Ali Kemal
;Yun
;Yuri
;Kurtulus
;Rashid
;Sad'eeq
;Míchel
;Natxo
;Dan-Axel
;Younn
;Eran
;Gjoko
;Housseine
;Goba
;Kuki
;Nail
;Eyob
;André-Franck
;Alonso
;Gianmaria
;Offrande
;Duván
;Hansel
;Kheireddine
;Amador
;Gyasi
;Radmir
;Chaher
;Jesús Eduardo
;Eriq
;Eamon
;Aldo
;Aquiraz
;Castro
;Ivaldo
;Lopes
;Love
;Maria
;Oliveira
;Turbo
;Valente
;Fejaz
;Deyovaisio
;Toufik
;Eroll
;Agim
;Arton
;Gedion
;Furhgill
;Dmitrijs
;Migiel
;Zeng
;Ardit
;Andi
;Skender
;Touati
;Ramiz
;Zhan
;Zhang
;Zhao
;Rifat
;Zhu
;Djamal
;Urban
;Ron-Robert
;Piotr
;Marc-Philipp
;Glody
;Grgo
;Richairo
;Jaromir
;Distel
;Yakup Ramazan
;Abdellah
;Felitciano
;Eñaut
;Hendrick
;Aljame
;Bongani
;Szymon
;Elsad
